,param1,param2,result,time
0,0.0,0.0,0.7940602228403586,0.0016477108001708984
1,0.0,0.0,-0.2547736969709466,1.6927719116210938e-05
2,0.0,0.0,0.16605425887089562,5.0067901611328125e-06
3,0.0,0.0,-0.7903926987552338,3.814697265625e-06
4,0.0,0.0,-0.3357695878592999,3.0994415283203125e-06
5,0.0,0.0,0.7105772886413945,2.6226043701171875e-06
6,0.0,0.0,-0.6727075745968952,4.0531158447265625e-06
7,0.0,0.0,0.3275127934845457,2.86102294921875e-06
8,0.0,0.0,-0.14620825411552893,4.291534423828125e-06
9,0.0,0.0,-0.39715028810755926,4.0531158447265625e-06
10,0.0,0.1111111111111111,-0.6225717440157319,0.0014510154724121094
11,0.0,0.1111111111111111,0.26495637809703654,0.001461029052734375
12,0.0,0.1111111111111111,0.38371858176183177,0.0013668537139892578
13,0.0,0.1111111111111111,0.3661420622797572,0.0015380382537841797
14,0.0,0.1111111111111111,2.0870970638640305,0.0014998912811279297
15,0.0,0.1111111111111111,-0.6472759852182892,0.0014698505401611328
16,0.0,0.1111111111111111,-0.01256316433568713,0.0014531612396240234
17,0.0,0.1111111111111111,-0.2600194380560734,0.0014829635620117188
18,0.0,0.1111111111111111,1.7550622065552461,0.0015549659729003906
19,0.0,0.1111111111111111,-2.7573372924093054,0.0015442371368408203
20,0.0,0.2222222222222222,0.6971227209664709,0.002856016159057617
21,0.0,0.2222222222222222,0.3360248642412179,0.0025861263275146484
22,0.0,0.2222222222222222,0.9823242255576562,0.002946138381958008
23,0.0,0.2222222222222222,1.3947874377910976,0.0024938583374023438
24,0.0,0.2222222222222222,-0.0620399656014035,0.0029489994049072266
25,0.0,0.2222222222222222,1.3978708144800638,0.0029299259185791016
26,0.0,0.2222222222222222,-1.0015356119927148,0.0024390220642089844
27,0.0,0.2222222222222222,0.5422631351000481,0.002917051315307617
28,0.0,0.2222222222222222,-0.4829224474470276,0.002933025360107422
29,0.0,0.2222222222222222,1.1230914247378878,0.002362966537475586
30,0.0,0.3333333333333333,1.007561486397644,0.0043680667877197266
31,0.0,0.3333333333333333,-0.37934364758812245,0.0038771629333496094
32,0.0,0.3333333333333333,-0.8794017404760205,0.004366159439086914
33,0.0,0.3333333333333333,0.7825278458806351,0.0036468505859375
34,0.0,0.3333333333333333,0.3474807663010007,0.004372119903564453
35,0.0,0.3333333333333333,1.75135653520838,0.0036280155181884766
36,0.0,0.3333333333333333,-1.5730639127309973,0.004366874694824219
37,0.0,0.3333333333333333,1.3135745138095876,0.003810882568359375
38,0.0,0.3333333333333333,-0.5041645111494075,0.004395723342895508
39,0.0,0.3333333333333333,-1.6388878660302366,0.0034630298614501953
40,0.0,0.4444444444444444,0.3530257740801134,0.0047092437744140625
41,0.0,0.4444444444444444,-0.8016502948937154,0.005831718444824219
42,0.0,0.4444444444444444,1.4264101256881925,0.004628896713256836
43,0.0,0.4444444444444444,-0.4234001876443428,0.005752086639404297
44,0.0,0.4444444444444444,-0.003994247215645382,0.005506992340087891
45,0.0,0.4444444444444444,1.8816804341122657,0.005647897720336914
46,0.0,0.4444444444444444,-0.46859903563517064,0.0057528018951416016
47,0.0,0.4444444444444444,-0.8910996908648742,0.0057489871978759766
48,0.0,0.4444444444444444,-0.3711626183602123,0.0049800872802734375
49,0.0,0.4444444444444444,-0.38428939907364934,0.005752086639404297
50,0.0,0.5555555555555556,-0.5837985751006283,0.0070400238037109375
51,0.0,0.5555555555555556,0.29849747797551107,0.007144927978515625
52,0.0,0.5555555555555556,-0.9112101659033582,0.007138729095458984
53,0.0,0.5555555555555556,1.2294756033320526,0.0071408748626708984
54,0.0,0.5555555555555556,-0.37651986515342206,0.006159067153930664
55,0.0,0.5555555555555556,0.4048191064532379,0.005707979202270508
56,0.0,0.5555555555555556,-0.041117151383663245,0.007151126861572266
57,0.0,0.5555555555555556,-0.1906162035869479,0.007170915603637695
58,0.0,0.5555555555555556,-1.0208894363276229,0.007143974304199219
59,0.0,0.5555555555555556,0.5266284543318,0.007113933563232422
60,0.0,0.6666666666666666,0.4337164795764667,0.007729053497314453
61,0.0,0.6666666666666666,0.16477690971893283,0.007302045822143555
62,0.0,0.6666666666666666,-2.235635022027883,0.008526802062988281
63,0.0,0.6666666666666666,-0.2767115834472036,0.0077190399169921875
64,0.0,0.6666666666666666,-1.3845206132813848,0.008076906204223633
65,0.0,0.6666666666666666,1.1197129403845971,0.008028030395507812
66,0.0,0.6666666666666666,-0.41136319670253046,0.008520841598510742
67,0.0,0.6666666666666666,0.12234653070281021,0.006992816925048828
68,0.0,0.6666666666666666,1.0276475015698279,0.008524656295776367
69,0.0,0.6666666666666666,0.15141679559663704,0.008422136306762695
70,0.0,0.7777777777777777,-0.01196530369406625,0.008238077163696289
71,0.0,0.7777777777777777,0.7885429767848585,0.008027076721191406
72,0.0,0.7777777777777777,0.018326647170210857,0.009241104125976562
73,0.0,0.7777777777777777,-0.023681123540334064,0.009853839874267578
74,0.0,0.7777777777777777,0.4426355849863378,0.009927988052368164
75,0.0,0.7777777777777777,-0.787486038916646,0.009918928146362305
76,0.0,0.7777777777777777,1.0418928329882267,0.008398771286010742
77,0.0,0.7777777777777777,-0.3987865285809366,0.008001565933227539
78,0.0,0.7777777777777777,-0.4292111371995618,0.008294820785522461
79,0.0,0.7777777777777777,-0.7026477601311576,0.00992894172668457
80,0.0,0.8888888888888888,1.0302804334155409,0.011305093765258789
81,0.0,0.8888888888888888,-2.122280116405639,0.009122848510742188
82,0.0,0.8888888888888888,-0.8609859093664726,0.009294986724853516
83,0.0,0.8888888888888888,0.6678407993596331,0.011306285858154297
84,0.0,0.8888888888888888,0.462844995561624,0.011313915252685547
85,0.0,0.8888888888888888,-1.0269160661035686,0.009583234786987305
86,0.0,0.8888888888888888,-1.9695441554925888,0.011313199996948242
87,0.0,0.8888888888888888,-1.6737032581785027,0.011160135269165039
88,0.0,0.8888888888888888,-0.13650260612110648,0.00898885726928711
89,0.0,0.8888888888888888,-1.337749988311335,0.009363889694213867
90,0.0,1.0,-0.6478015136737845,0.010976791381835938
91,0.0,1.0,2.3940148773801435,0.012271881103515625
92,0.0,1.0,-2.2469315551104883,0.011701107025146484
93,0.0,1.0,-0.15015601203035686,0.012549877166748047
94,0.0,1.0,1.0636328738053265,0.010154962539672852
95,0.0,1.0,0.5314846647055274,0.010350704193115234
96,0.0,1.0,0.3345571779702168,0.011018991470336914
97,0.0,1.0,-0.10775996610419918,0.012047052383422852
98,0.0,1.0,1.0269766225978638,0.010277986526489258
99,0.0,1.0,-1.599256321986112,0.01100778579711914
100,0.1111111111111111,0.0,-0.08575475185496753,0.0014579296112060547
101,0.1111111111111111,0.0,0.9997392381325804,0.0012848377227783203
102,0.1111111111111111,0.0,-0.262633377950293,0.0015730857849121094
103,0.1111111111111111,0.0,-1.7499139055523958,0.0012290477752685547
104,0.1111111111111111,0.0,2.037036292296409,0.0015530586242675781
105,0.1111111111111111,0.0,-0.4977689124682278,0.0015387535095214844
106,0.1111111111111111,0.0,0.9874154294948159,0.001470804214477539
107,0.1111111111111111,0.0,-0.6226106962743216,0.0014500617980957031
108,0.1111111111111111,0.0,0.01232350631786511,0.0013759136199951172
109,0.1111111111111111,0.0,-1.4336329736113984,0.001291036605834961
110,0.1111111111111111,0.1111111111111111,-0.40215111573876294,0.002936840057373047
111,0.1111111111111111,0.1111111111111111,-0.5020443237813481,0.002460956573486328
112,0.1111111111111111,0.1111111111111111,0.7768375661004925,0.002657175064086914
113,0.1111111111111111,0.1111111111111111,1.780516755125242,0.0029439926147460938
114,0.1111111111111111,0.1111111111111111,-1.3290827832687602,0.0027289390563964844
115,0.1111111111111111,0.1111111111111111,-0.49805939021341733,0.002939939498901367
116,0.1111111111111111,0.1111111111111111,-0.5523992949890462,0.002870798110961914
117,0.1111111111111111,0.1111111111111111,0.6148895489339758,0.0024290084838867188
118,0.1111111111111111,0.1111111111111111,-1.075415512550932,0.002990245819091797
119,0.1111111111111111,0.1111111111111111,-1.473904680636993,0.0024518966674804688
120,0.1111111111111111,0.2222222222222222,-0.2865423805367653,0.003622293472290039
121,0.1111111111111111,0.2222222222222222,-0.5784439444832186,0.00432896614074707
122,0.1111111111111111,0.2222222222222222,-0.7580404437571558,0.004243135452270508
123,0.1111111111111111,0.2222222222222222,1.7599050124832933,0.0042629241943359375
124,0.1111111111111111,0.2222222222222222,-1.21127994423694,0.003551006317138672
125,0.1111111111111111,0.2222222222222222,-0.2781637610398762,0.004270076751708984
126,0.1111111111111111,0.2222222222222222,-1.4269232115529373,0.0035676956176757812
127,0.1111111111111111,0.2222222222222222,0.07739611128807555,0.0044040679931640625
128,0.1111111111111111,0.2222222222222222,0.9452811195646463,0.0036149024963378906
129,0.1111111111111111,0.2222222222222222,1.5398770805291604,0.004373073577880859
130,0.1111111111111111,0.3333333333333333,-0.19878894133618547,0.005631923675537109
131,0.1111111111111111,0.3333333333333333,-2.1462178872215203,0.004652738571166992
132,0.1111111111111111,0.3333333333333333,-0.9746311793225979,0.0052950382232666016
133,0.1111111111111111,0.3333333333333333,-0.6820256655466796,0.005232810974121094
134,0.1111111111111111,0.3333333333333333,-0.1654526660849662,0.005769968032836914
135,0.1111111111111111,0.3333333333333333,0.8552403288490671,0.00547480583190918
136,0.1111111111111111,0.3333333333333333,0.9955563972254347,0.005465984344482422
137,0.1111111111111111,0.3333333333333333,0.140615142198841,0.004989147186279297
138,0.1111111111111111,0.3333333333333333,-0.14438191172217488,0.00494384765625
139,0.1111111111111111,0.3333333333333333,0.3561878887424608,0.005731821060180664
140,0.1111111111111111,0.4444444444444444,-0.11926798704091066,0.007145881652832031
141,0.1111111111111111,0.4444444444444444,-0.5261867804270753,0.0071070194244384766
142,0.1111111111111111,0.4444444444444444,1.9057249320727707,0.007154226303100586
143,0.1111111111111111,0.4444444444444444,0.5705432713068296,0.007141828536987305
144,0.1111111111111111,0.4444444444444444,-0.5779884698894386,0.005813121795654297
145,0.1111111111111111,0.4444444444444444,0.6479525700304469,0.007145881652832031
146,0.1111111111111111,0.4444444444444444,0.12319269893546135,0.007102251052856445
147,0.1111111111111111,0.4444444444444444,0.04044671290614365,0.0067768096923828125
148,0.1111111111111111,0.4444444444444444,0.40422013165798165,0.005644798278808594
149,0.1111111111111111,0.4444444444444444,1.8523808105182065,0.006027936935424805
150,0.1111111111111111,0.5555555555555556,1.203822394951878,0.0074079036712646484
151,0.1111111111111111,0.5555555555555556,0.3709479590617676,0.008529901504516602
152,0.1111111111111111,0.5555555555555556,0.9832681612603646,0.007380008697509766
153,0.1111111111111111,0.5555555555555556,-0.8515714041454092,0.006836891174316406
154,0.1111111111111111,0.5555555555555556,1.443418545445902,0.008532047271728516
155,0.1111111111111111,0.5555555555555556,0.20211093094628133,0.008541107177734375
156,0.1111111111111111,0.5555555555555556,0.5985234173705929,0.008304119110107422
157,0.1111111111111111,0.5555555555555556,0.3123740204415281,0.007239103317260742
158,0.1111111111111111,0.5555555555555556,1.4227609944270905,0.0071871280670166016
159,0.1111111111111111,0.5555555555555556,0.10052272448340085,0.00853419303894043
160,0.1111111111111111,0.6666666666666666,1.8043390607568495,0.009005069732666016
161,0.1111111111111111,0.6666666666666666,-0.3316864170350269,0.007919073104858398
162,0.1111111111111111,0.6666666666666666,1.146947545737623,0.008371829986572266
163,0.1111111111111111,0.6666666666666666,-0.941542039104501,0.008006811141967773
164,0.1111111111111111,0.6666666666666666,0.6310697161980657,0.009747982025146484
165,0.1111111111111111,0.6666666666666666,2.5999145776966395,0.009922981262207031
166,0.1111111111111111,0.6666666666666666,-1.325931742575691,0.009926080703735352
167,0.1111111111111111,0.6666666666666666,-0.3869146686330871,0.008153200149536133
168,0.1111111111111111,0.6666666666666666,-0.7599531338361819,0.007979154586791992
169,0.1111111111111111,0.6666666666666666,0.4928195967244166,0.009773015975952148
170,0.1111111111111111,0.7777777777777777,-0.8837996723255372,0.009318828582763672
171,0.1111111111111111,0.7777777777777777,0.027398475000180084,0.009065866470336914
172,0.1111111111111111,0.7777777777777777,0.6849828346364608,0.009571075439453125
173,0.1111111111111111,0.7777777777777777,1.989359527037339,0.009226083755493164
174,0.1111111111111111,0.7777777777777777,1.6981550928623241,0.008962154388427734
175,0.1111111111111111,0.7777777777777777,-0.29619392952586454,0.009670257568359375
176,0.1111111111111111,0.7777777777777777,-0.8529707818101657,0.011093854904174805
177,0.1111111111111111,0.7777777777777777,0.2778969241445426,0.01051473617553711
178,0.1111111111111111,0.7777777777777777,-1.5604811685261453,0.010259151458740234
179,0.1111111111111111,0.7777777777777777,0.73763941387626,0.009034156799316406
180,0.1111111111111111,0.8888888888888888,0.29439965847359595,0.01027989387512207
181,0.1111111111111111,0.8888888888888888,0.695012143779426,0.012581110000610352
182,0.1111111111111111,0.8888888888888888,-0.7725735505788843,0.010653972625732422
183,0.1111111111111111,0.8888888888888888,0.8113257726427229,0.011121749877929688
184,0.1111111111111111,0.8888888888888888,1.6229558507563002,0.012670040130615234
185,0.1111111111111111,0.8888888888888888,0.5691011916544613,0.012145757675170898
186,0.1111111111111111,0.8888888888888888,-1.5917453175176262,0.01266789436340332
187,0.1111111111111111,0.8888888888888888,0.43305864532844646,0.010482072830200195
188,0.1111111111111111,0.8888888888888888,0.42642401786642437,0.01104283332824707
189,0.1111111111111111,0.8888888888888888,1.2782652315086138,0.010145187377929688
190,0.1111111111111111,1.0,0.09484564772238924,0.012241840362548828
191,0.1111111111111111,1.0,-0.3086635103132882,0.012989044189453125
192,0.1111111111111111,1.0,-0.0437680793648593,0.013736963272094727
193,0.1111111111111111,1.0,-0.029075180965032976,0.014045000076293945
194,0.1111111111111111,1.0,0.6658209923641234,0.011255264282226562
195,0.1111111111111111,1.0,-1.0201555645524156,0.011294126510620117
196,0.1111111111111111,1.0,-1.1401378128200625,0.013378143310546875
197,0.1111111111111111,1.0,0.06474181933882625,0.014066219329833984
198,0.1111111111111111,1.0,0.7425680425511512,0.014050006866455078
199,0.1111111111111111,1.0,-0.9005525541956643,0.011276006698608398
200,0.2222222222222222,0.0,-1.2147395118498066,0.0023488998413085938
201,0.2222222222222222,0.0,-0.24573326883953742,0.0029230117797851562
202,0.2222222222222222,0.0,-0.48727895558069234,0.002913236618041992
203,0.2222222222222222,0.0,2.4761982107690628,0.0029380321502685547
204,0.2222222222222222,0.0,0.9555580463048912,0.002930879592895508
205,0.2222222222222222,0.0,-1.0511985741926644,0.002969980239868164
206,0.2222222222222222,0.0,0.38270097086093363,0.0029299259185791016
207,0.2222222222222222,0.0,-2.1381109179674564,0.0029249191284179688
208,0.2222222222222222,0.0,-1.0750689319115063,0.0028579235076904297
209,0.2222222222222222,0.0,1.0377406265792262,0.0029320716857910156
210,0.2222222222222222,0.1111111111111111,-0.38656512030300555,0.004357099533081055
211,0.2222222222222222,0.1111111111111111,-1.2674014840886443,0.004196882247924805
212,0.2222222222222222,0.1111111111111111,0.07673335239150186,0.003983259201049805
213,0.2222222222222222,0.1111111111111111,0.6030022112732978,0.0041620731353759766
214,0.2222222222222222,0.1111111111111111,0.5047338230175609,0.0034618377685546875
215,0.2222222222222222,0.1111111111111111,-0.3642310776144239,0.003599882125854492
216,0.2222222222222222,0.1111111111111111,0.1754500594358198,0.003465890884399414
217,0.2222222222222222,0.1111111111111111,-0.14546350989803106,0.004270792007446289
218,0.2222222222222222,0.1111111111111111,-0.6545087610456306,0.0041790008544921875
219,0.2222222222222222,0.1111111111111111,-0.8148954239677996,0.004323720932006836
220,0.2222222222222222,0.2222222222222222,0.37677704361371606,0.004781007766723633
221,0.2222222222222222,0.2222222222222222,0.09669412973803916,0.005702018737792969
222,0.2222222222222222,0.2222222222222222,-1.0420806484435028,0.005373954772949219
223,0.2222222222222222,0.2222222222222222,-0.29860249673456984,0.005106210708618164
224,0.2222222222222222,0.2222222222222222,0.3542694839648846,0.005728006362915039
225,0.2222222222222222,0.2222222222222222,-0.1548813944360679,0.005717039108276367
226,0.2222222222222222,0.2222222222222222,-0.8239196529654703,0.005114078521728516
227,0.2222222222222222,0.2222222222222222,0.582474026573003,0.005714893341064453
228,0.2222222222222222,0.2222222222222222,0.3405962420327931,0.004617929458618164
229,0.2222222222222222,0.2222222222222222,-0.8289167438912863,0.0047800540924072266
230,0.2222222222222222,0.3333333333333333,-0.49450216308225226,0.00710296630859375
231,0.2222222222222222,0.3333333333333333,0.07400297706001385,0.007111072540283203
232,0.2222222222222222,0.3333333333333333,0.6800399969058719,0.007102012634277344
233,0.2222222222222222,0.3333333333333333,-0.686772721623817,0.007100105285644531
234,0.2222222222222222,0.3333333333333333,0.3264556093512168,0.006402730941772461
235,0.2222222222222222,0.3333333333333333,0.8937448915212906,0.0061779022216796875
236,0.2222222222222222,0.3333333333333333,0.35307745845781213,0.006741046905517578
237,0.2222222222222222,0.3333333333333333,0.38991959375244123,0.00711512565612793
238,0.2222222222222222,0.3333333333333333,-0.011877405553964715,0.0057599544525146484
239,0.2222222222222222,0.3333333333333333,0.8540547796731245,0.005705833435058594
240,0.2222222222222222,0.4444444444444444,-0.13915715197572123,0.0067670345306396484
241,0.2222222222222222,0.4444444444444444,-0.9256182002967366,0.006920814514160156
242,0.2222222222222222,0.4444444444444444,1.5348324199936743,0.007628202438354492
243,0.2222222222222222,0.4444444444444444,-0.003465646843339401,0.007773160934448242
244,0.2222222222222222,0.4444444444444444,-0.0846209512074278,0.006770133972167969
245,0.2222222222222222,0.4444444444444444,0.9339599404832419,0.006999969482421875
246,0.2222222222222222,0.4444444444444444,-0.7569615373187858,0.007088899612426758
247,0.2222222222222222,0.4444444444444444,0.5380893350043586,0.007688045501708984
248,0.2222222222222222,0.4444444444444444,-0.7066124196925893,0.00684809684753418
249,0.2222222222222222,0.4444444444444444,0.5679818530052371,0.008175849914550781
250,0.2222222222222222,0.5555555555555556,0.18965989691673368,0.008012056350708008
251,0.2222222222222222,0.5555555555555556,-0.8394410975864195,0.00987696647644043
252,0.2222222222222222,0.5555555555555556,-0.8672018403172417,0.009882926940917969
253,0.2222222222222222,0.5555555555555556,0.823765848689883,0.008037328720092773
254,0.2222222222222222,0.5555555555555556,0.9702240390376334,0.009879827499389648
255,0.2222222222222222,0.5555555555555556,-0.5522822246221173,0.00849008560180664
256,0.2222222222222222,0.5555555555555556,0.2785864970909772,0.009804964065551758
257,0.2222222222222222,0.5555555555555556,0.18835449771252782,0.008333206176757812
258,0.2222222222222222,0.5555555555555556,1.0075914124825118,0.008232831954956055
259,0.2222222222222222,0.5555555555555556,-2.4946450392854786,0.008019208908081055
260,0.2222222222222222,0.6666666666666666,-1.7964464082282035,0.011249303817749023
261,0.2222222222222222,0.6666666666666666,-0.6599512014233471,0.010979175567626953
262,0.2222222222222222,0.6666666666666666,-0.12444292565167264,0.009335756301879883
263,0.2222222222222222,0.6666666666666666,0.5977306052832874,0.011066913604736328
264,0.2222222222222222,0.6666666666666666,-0.416426172124586,0.009462118148803711
265,0.2222222222222222,0.6666666666666666,0.8302823720321625,0.010385990142822266
266,0.2222222222222222,0.6666666666666666,-0.6207945022943172,0.009357213973999023
267,0.2222222222222222,0.6666666666666666,0.4704493770022908,0.011322021484375
268,0.2222222222222222,0.6666666666666666,-0.06280051700706504,0.011291027069091797
269,0.2222222222222222,0.6666666666666666,-0.018380897413898478,0.009232759475708008
270,0.2222222222222222,0.7777777777777777,0.8741353638761924,0.010145187377929688
271,0.2222222222222222,0.7777777777777777,0.8599970538046742,0.012657880783081055
272,0.2222222222222222,0.7777777777777777,1.009358677264632,0.012017250061035156
273,0.2222222222222222,0.7777777777777777,-0.42584511115825474,0.01269388198852539
274,0.2222222222222222,0.7777777777777777,1.5615523474220419,0.011270761489868164
275,0.2222222222222222,0.7777777777777777,-0.16944620127881801,0.012443065643310547
276,0.2222222222222222,0.7777777777777777,1.9879257141679887,0.011826038360595703
277,0.2222222222222222,0.7777777777777777,0.5654734929385423,0.01270294189453125
278,0.2222222222222222,0.7777777777777777,0.13496436783485471,0.012696027755737305
279,0.2222222222222222,0.7777777777777777,-0.5641310573135537,0.011492729187011719
280,0.2222222222222222,0.8888888888888888,0.7390120110024712,0.014091014862060547
281,0.2222222222222222,0.8888888888888888,-0.25508855704998873,0.013593912124633789
282,0.2222222222222222,0.8888888888888888,1.4945533964193773,0.014088153839111328
283,0.2222222222222222,0.8888888888888888,-1.1798823228873636,0.013322114944458008
284,0.2222222222222222,0.8888888888888888,1.0026590774452555,0.014087915420532227
285,0.2222222222222222,0.8888888888888888,0.46583682064758336,0.014005899429321289
286,0.2222222222222222,0.8888888888888888,-0.3079756576541327,0.014137029647827148
287,0.2222222222222222,0.8888888888888888,0.5586442540471737,0.012869834899902344
288,0.2222222222222222,0.8888888888888888,1.8176872770052022,0.011810779571533203
289,0.2222222222222222,0.8888888888888888,0.4936057282092523,0.014094114303588867
290,0.2222222222222222,1.0,1.826806034498567,0.015217304229736328
291,0.2222222222222222,1.0,-1.193698224344979,0.01237177848815918
292,0.2222222222222222,1.0,1.292434796672529,0.015534162521362305
293,0.2222222222222222,1.0,-0.07456702107672919,0.015011787414550781
294,0.2222222222222222,1.0,0.12157265420737244,0.015114068984985352
295,0.2222222222222222,1.0,-0.21580344765605314,0.012591123580932617
296,0.2222222222222222,1.0,-0.8636976605973056,0.014022111892700195
297,0.2222222222222222,1.0,1.1351732933372567,0.014603853225708008
298,0.2222222222222222,1.0,0.32772926476525577,0.01240229606628418
299,0.2222222222222222,1.0,0.9547803807163,0.01421213150024414
300,0.3333333333333333,0.0,0.7675266823273675,0.0034558773040771484
301,0.3333333333333333,0.0,0.7395957263284749,0.0035200119018554688
302,0.3333333333333333,0.0,-0.7884120492505398,0.0034799575805664062
303,0.3333333333333333,0.0,-0.6148160039334205,0.00372314453125
304,0.3333333333333333,0.0,0.9232439550508394,0.004246711730957031
305,0.3333333333333333,0.0,1.1124166976230765,0.004054069519042969
306,0.3333333333333333,0.0,-0.7051460263862744,0.004269123077392578
307,0.3333333333333333,0.0,1.3957938135159242,0.003607034683227539
308,0.3333333333333333,0.0,-0.2627106473571005,0.00432896614074707
309,0.3333333333333333,0.0,0.8714551097833436,0.0036020278930664062
310,0.3333333333333333,0.1111111111111111,-0.5276981069719111,0.005715131759643555
311,0.3333333333333333,0.1111111111111111,0.8530347167749355,0.004708766937255859
312,0.3333333333333333,0.1111111111111111,-1.4914750819775784,0.004657268524169922
313,0.3333333333333333,0.1111111111111111,0.7358688422657833,0.005713224411010742
314,0.3333333333333333,0.1111111111111111,-2.137846695555174,0.005574226379394531
315,0.3333333333333333,0.1111111111111111,0.25315475325587733,0.004998922348022461
316,0.3333333333333333,0.1111111111111111,-0.8774622727193162,0.005029201507568359
317,0.3333333333333333,0.1111111111111111,-0.7302217549657066,0.0056438446044921875
318,0.3333333333333333,0.1111111111111111,-0.09314052992629535,0.005067110061645508
319,0.3333333333333333,0.1111111111111111,2.423584731194186,0.005705118179321289
320,0.3333333333333333,0.2222222222222222,-0.2904899311708318,0.007096767425537109
321,0.3333333333333333,0.2222222222222222,-0.4956769470208293,0.007100820541381836
322,0.3333333333333333,0.2222222222222222,-1.8892077188944016,0.006063222885131836
323,0.3333333333333333,0.2222222222222222,0.10123482623685244,0.007035017013549805
324,0.3333333333333333,0.2222222222222222,-0.7127133418535175,0.005708217620849609
325,0.3333333333333333,0.2222222222222222,-0.5023648556143857,0.0070230960845947266
326,0.3333333333333333,0.2222222222222222,0.056536484980581364,0.0070247650146484375
327,0.3333333333333333,0.2222222222222222,0.2143486482450336,0.005714893341064453
328,0.3333333333333333,0.2222222222222222,0.19977110720857,0.0056722164154052734
329,0.3333333333333333,0.2222222222222222,-0.29876051131019554,0.007017850875854492
330,0.3333333333333333,0.3333333333333333,0.9584285160957289,0.007054805755615234
331,0.3333333333333333,0.3333333333333333,0.5711408147819327,0.008363008499145508
332,0.3333333333333333,0.3333333333333333,0.8932680885718884,0.008486747741699219
333,0.3333333333333333,0.3333333333333333,0.4800247446836553,0.008214950561523438
334,0.3333333333333333,0.3333333333333333,-0.6386671498258727,0.006932973861694336
335,0.3333333333333333,0.3333333333333333,-2.444864816622559,0.007061958312988281
336,0.3333333333333333,0.3333333333333333,1.9107980309466293,0.008488893508911133
337,0.3333333333333333,0.3333333333333333,-0.43644587603945845,0.008503913879394531
338,0.3333333333333333,0.3333333333333333,0.6023727218681139,0.008491039276123047
339,0.3333333333333333,0.3333333333333333,0.5631336387512992,0.006757974624633789
340,0.3333333333333333,0.4444444444444444,0.7362894230767899,0.00984501838684082
341,0.3333333333333333,0.4444444444444444,0.34650298236825194,0.009814023971557617
342,0.3333333333333333,0.4444444444444444,-0.31468232231101967,0.008752822875976562
343,0.3333333333333333,0.4444444444444444,-0.5696685177869192,0.007938146591186523
344,0.3333333333333333,0.4444444444444444,-0.3613099390075616,0.00853109359741211
345,0.3333333333333333,0.4444444444444444,1.1932281165334817,0.00830698013305664
346,0.3333333333333333,0.4444444444444444,0.32046598452945424,0.008314132690429688
347,0.3333333333333333,0.4444444444444444,0.6201546559785864,0.008603811264038086
348,0.3333333333333333,0.4444444444444444,-2.2662234190502355,0.007920265197753906
349,0.3333333333333333,0.4444444444444444,2.0967227985836248,0.008157014846801758
350,0.3333333333333333,0.5555555555555556,0.41735226406396464,0.009023189544677734
351,0.3333333333333333,0.5555555555555556,2.3016969185012632,0.00919198989868164
352,0.3333333333333333,0.5555555555555556,-0.7973438775502604,0.011214017868041992
353,0.3333333333333333,0.5555555555555556,0.3485852211878412,0.010044097900390625
354,0.3333333333333333,0.5555555555555556,0.28363936492481,0.011272907257080078
355,0.3333333333333333,0.5555555555555556,2.991519561801465,0.009068012237548828
356,0.3333333333333333,0.5555555555555556,1.2787365681807723,0.010272026062011719
357,0.3333333333333333,0.5555555555555556,-0.08819334668627665,0.009792089462280273
358,0.3333333333333333,0.5555555555555556,0.7872514882041359,0.011268138885498047
359,0.3333333333333333,0.5555555555555556,-0.2567508070334806,0.011263847351074219
360,0.3333333333333333,0.6666666666666666,-0.3045657778882772,0.010443925857543945
361,0.3333333333333333,0.6666666666666666,0.5892762494431567,0.012603998184204102
362,0.3333333333333333,0.6666666666666666,0.6421173702408486,0.011116981506347656
363,0.3333333333333333,0.6666666666666666,1.7648419559236244,0.010736942291259766
364,0.3333333333333333,0.6666666666666666,2.49943874336005,0.01265573501586914
365,0.3333333333333333,0.6666666666666666,1.6928860038885243,0.012653112411499023
366,0.3333333333333333,0.6666666666666666,1.2479425171687395,0.012465238571166992
367,0.3333333333333333,0.6666666666666666,0.6874867554710284,0.012698173522949219
368,0.3333333333333333,0.6666666666666666,1.6268566876046289,0.011961698532104492
369,0.3333333333333333,0.6666666666666666,-0.5154491118381652,0.012706756591796875
370,0.3333333333333333,0.7777777777777777,0.9040583918227506,0.011740922927856445
371,0.3333333333333333,0.7777777777777777,0.2113288309702297,0.013993024826049805
372,0.3333333333333333,0.7777777777777777,0.8685309599825575,0.01149892807006836
373,0.3333333333333333,0.7777777777777777,1.3250508418957612,0.014130115509033203
374,0.3333333333333333,0.7777777777777777,1.6235719353315718,0.014070987701416016
375,0.3333333333333333,0.7777777777777777,1.265536453543206,0.011862993240356445
376,0.3333333333333333,0.7777777777777777,-0.9761827846934826,0.013063907623291016
377,0.3333333333333333,0.7777777777777777,0.37018364080363203,0.011216878890991211
378,0.3333333333333333,0.7777777777777777,0.006431477086223214,0.014094829559326172
379,0.3333333333333333,0.7777777777777777,-2.220680953681682,0.01157689094543457
380,0.3333333333333333,0.8888888888888888,-0.976668785474067,0.013080120086669922
381,0.3333333333333333,0.8888888888888888,0.33249799376976946,0.013912200927734375
382,0.3333333333333333,0.8888888888888888,0.964418660336116,0.012417078018188477
383,0.3333333333333333,0.8888888888888888,1.5928025452234904,0.014189004898071289
384,0.3333333333333333,0.8888888888888888,0.9798914362202897,0.012396097183227539
385,0.3333333333333333,0.8888888888888888,-0.26098151079815746,0.012990951538085938
386,0.3333333333333333,0.8888888888888888,4.3778042577304,0.015480756759643555
387,0.3333333333333333,0.8888888888888888,1.1396056020206689,0.012328863143920898
388,0.3333333333333333,0.8888888888888888,-1.399270975036893,0.013024091720581055
389,0.3333333333333333,0.8888888888888888,0.2169715237332143,0.01236104965209961
390,0.3333333333333333,1.0,-0.7676319059576584,0.013437032699584961
391,0.3333333333333333,1.0,-0.88835997085539,0.015527009963989258
392,0.3333333333333333,1.0,0.376880483042843,0.015385866165161133
393,0.3333333333333333,1.0,0.6210898108106347,0.016142845153808594
394,0.3333333333333333,1.0,1.5427405993156984,0.015028953552246094
395,0.3333333333333333,1.0,2.1145717960489105,0.016702890396118164
396,0.3333333333333333,1.0,-0.1475882378713047,0.01371908187866211
397,0.3333333333333333,1.0,-0.9163605708320013,0.014060020446777344
398,0.3333333333333333,1.0,0.45127165326731355,0.013432025909423828
399,0.3333333333333333,1.0,-2.3052063318355906,0.01612377166748047
400,0.4444444444444444,0.0,-0.4192435552818559,0.005639791488647461
401,0.4444444444444444,0.0,0.3301209819759098,0.005757808685302734
402,0.4444444444444444,0.0,-0.5991318893704171,0.0047740936279296875
403,0.4444444444444444,0.0,0.3034055973960315,0.005639314651489258
404,0.4444444444444444,0.0,0.5956447337971096,0.005615949630737305
405,0.4444444444444444,0.0,-1.3882919529921127,0.004801034927368164
406,0.4444444444444444,0.0,1.406416885043899,0.0045680999755859375
407,0.4444444444444444,0.0,-0.8289627266760133,0.0046520233154296875
408,0.4444444444444444,0.0,0.22289030797481663,0.005317211151123047
409,0.4444444444444444,0.0,-1.1357136079936392,0.004643917083740234
410,0.4444444444444444,0.1111111111111111,-1.4290924259022675,0.005624055862426758
411,0.4444444444444444,0.1111111111111111,-0.8782517604011588,0.006953001022338867
412,0.4444444444444444,0.1111111111111111,-0.040892939652153765,0.007096052169799805
413,0.4444444444444444,0.1111111111111111,0.07664223275525942,0.007093906402587891
414,0.4444444444444444,0.1111111111111111,0.024778708507476627,0.006163835525512695
415,0.4444444444444444,0.1111111111111111,-0.5778298546425645,0.006757974624633789
416,0.4444444444444444,0.1111111111111111,-1.2624668432002657,0.005727052688598633
417,0.4444444444444444,0.1111111111111111,-0.14854777372030076,0.0059299468994140625
418,0.4444444444444444,0.1111111111111111,-0.09753169090118019,0.005774259567260742
419,0.4444444444444444,0.1111111111111111,0.16676305872991554,0.005733013153076172
420,0.4444444444444444,0.2222222222222222,-0.012785426987361098,0.0068209171295166016
421,0.4444444444444444,0.2222222222222222,-1.0946353583961097,0.008167028427124023
422,0.4444444444444444,0.2222222222222222,0.779134358304955,0.007883071899414062
423,0.4444444444444444,0.2222222222222222,0.3857159843266483,0.008021116256713867
424,0.4444444444444444,0.2222222222222222,-0.2888315237345756,0.008335113525390625
425,0.4444444444444444,0.2222222222222222,-0.881488889942696,0.007606029510498047
426,0.4444444444444444,0.2222222222222222,-1.1738607608337195,0.008436918258666992
427,0.4444444444444444,0.2222222222222222,1.4046947967214358,0.00786900520324707
428,0.4444444444444444,0.2222222222222222,0.2333342602109793,0.008028984069824219
429,0.4444444444444444,0.2222222222222222,-0.6243249711119224,0.008404970169067383
430,0.4444444444444444,0.3333333333333333,-0.43148725791967335,0.007869958877563477
431,0.4444444444444444,0.3333333333333333,1.2929557833115979,0.007871150970458984
432,0.4444444444444444,0.3333333333333333,-0.8951232670273475,0.008116006851196289
433,0.4444444444444444,0.3333333333333333,-0.5203746029142823,0.008118867874145508
434,0.4444444444444444,0.3333333333333333,-0.7473314434102964,0.008075952529907227
435,0.4444444444444444,0.3333333333333333,0.7858616428700085,0.007915973663330078
436,0.4444444444444444,0.3333333333333333,1.3613690506807925,0.008528947830200195
437,0.4444444444444444,0.3333333333333333,-2.276670446057481,0.008028984069824219
438,0.4444444444444444,0.3333333333333333,-1.0104664385384505,0.007899761199951172
439,0.4444444444444444,0.3333333333333333,-0.35458453640701093,0.008004903793334961
440,0.4444444444444444,0.4444444444444444,-1.6697031694661626,0.008990287780761719
441,0.4444444444444444,0.4444444444444444,0.5493148012735117,0.009170055389404297
442,0.4444444444444444,0.4444444444444444,0.545667496952813,0.00929880142211914
443,0.4444444444444444,0.4444444444444444,0.8137487154120109,0.011178970336914062
444,0.4444444444444444,0.4444444444444444,-1.540936207766612,0.010113954544067383
445,0.4444444444444444,0.4444444444444444,-0.5718365090504115,0.00928187370300293
446,0.4444444444444444,0.4444444444444444,-1.30403650010107,0.008977890014648438
447,0.4444444444444444,0.4444444444444444,0.6889200208557411,0.01034092903137207
448,0.4444444444444444,0.4444444444444444,-0.3036754076362338,0.0100860595703125
449,0.4444444444444444,0.4444444444444444,0.15427042725491963,0.009666919708251953
450,0.4444444444444444,0.5555555555555556,-0.3518204134215097,0.010109901428222656
451,0.4444444444444444,0.5555555555555556,0.15945904818877127,0.010091781616210938
452,0.4444444444444444,0.5555555555555556,-0.4021571461826039,0.01202702522277832
453,0.4444444444444444,0.5555555555555556,0.4161937255201005,0.010344982147216797
454,0.4444444444444444,0.5555555555555556,-0.7655248692799161,0.012617826461791992
455,0.4444444444444444,0.5555555555555556,-0.9065852853541039,0.01015782356262207
456,0.4444444444444444,0.5555555555555556,-0.40266679223102353,0.010158777236938477
457,0.4444444444444444,0.5555555555555556,-0.30183079596479223,0.010982990264892578
458,0.4444444444444444,0.5555555555555556,-0.6701848501300142,0.01032114028930664
459,0.4444444444444444,0.5555555555555556,0.10169291684193726,0.010563135147094727
460,0.4444444444444444,0.6666666666666666,2.6957707115389877,0.013559103012084961
461,0.4444444444444444,0.6666666666666666,1.0960127445948846,0.011232852935791016
462,0.4444444444444444,0.6666666666666666,-0.07849434422055535,0.012228250503540039
463,0.4444444444444444,0.6666666666666666,1.076395010676372,0.011444807052612305
464,0.4444444444444444,0.6666666666666666,1.1403924888805155,0.012870311737060547
465,0.4444444444444444,0.6666666666666666,0.33243272726397205,0.011224985122680664
466,0.4444444444444444,0.6666666666666666,2.2029086678126166,0.013616085052490234
467,0.4444444444444444,0.6666666666666666,-1.0072070990843012,0.011250734329223633
468,0.4444444444444444,0.6666666666666666,-0.7238889726711779,0.013798952102661133
469,0.4444444444444444,0.6666666666666666,0.5726426936977389,0.01365208625793457
470,0.4444444444444444,0.7777777777777777,0.03761303388056969,0.012415885925292969
471,0.4444444444444444,0.7777777777777777,0.24506836615929473,0.012360095977783203
472,0.4444444444444444,0.7777777777777777,0.22503198362799404,0.012545108795166016
473,0.4444444444444444,0.7777777777777777,0.6023281032565146,0.013025045394897461
474,0.4444444444444444,0.7777777777777777,-0.7915995468461923,0.01544809341430664
475,0.4444444444444444,0.7777777777777777,-0.8518307041862259,0.012434959411621094
476,0.4444444444444444,0.7777777777777777,0.2945917862683691,0.013667821884155273
477,0.4444444444444444,0.7777777777777777,0.6159920753607331,0.015202045440673828
478,0.4444444444444444,0.7777777777777777,0.19442615119355008,0.015245199203491211
479,0.4444444444444444,0.7777777777777777,0.4681197238777989,0.012345075607299805
480,0.4444444444444444,0.8888888888888888,1.2010165389089122,0.013525962829589844
481,0.4444444444444444,0.8888888888888888,1.8940994679899774,0.015419244766235352
482,0.4444444444444444,0.8888888888888888,-1.1515163342850359,0.015638113021850586
483,0.4444444444444444,0.8888888888888888,0.6468904806026292,0.015329837799072266
484,0.4444444444444444,0.8888888888888888,-0.32641824480600856,0.01580190658569336
485,0.4444444444444444,0.8888888888888888,1.4387884441504974,0.013759851455688477
486,0.4444444444444444,0.8888888888888888,2.223404380225765,0.016404151916503906
487,0.4444444444444444,0.8888888888888888,-0.46816795608882844,0.01682877540588379
488,0.4444444444444444,0.8888888888888888,0.9607070477329779,0.016801118850708008
489,0.4444444444444444,0.8888888888888888,1.2191775365095259,0.013639211654663086
490,0.4444444444444444,1.0,-1.4537667616058272,0.017667770385742188
491,0.4444444444444444,1.0,1.5996119694516595,0.018288850784301758
492,0.4444444444444444,1.0,0.9034109235089448,0.015687227249145508
493,0.4444444444444444,1.0,1.5258810130482818,0.018212080001831055
494,0.4444444444444444,1.0,0.835741197872552,0.01708388328552246
495,0.4444444444444444,1.0,-0.13815736700078807,0.017785072326660156
496,0.4444444444444444,1.0,-0.4544135752077615,0.018216848373413086
497,0.4444444444444444,1.0,1.9994200761420764,0.01540374755859375
498,0.4444444444444444,1.0,1.1033972442880953,0.01746988296508789
499,0.4444444444444444,1.0,-1.9728080936559163,0.01702094078063965
500,0.5555555555555556,0.0,0.2546063875657134,0.005738973617553711
501,0.5555555555555556,0.0,-0.7762002548365902,0.006371021270751953
502,0.5555555555555556,0.0,-0.9374585045663021,0.006175994873046875
503,0.5555555555555556,0.0,-2.5948994267166867,0.0070247650146484375
504,0.5555555555555556,0.0,-0.813460473020862,0.0070819854736328125
505,0.5555555555555556,0.0,0.44255008133949525,0.007004976272583008
506,0.5555555555555556,0.0,-0.307380194564914,0.006857872009277344
507,0.5555555555555556,0.0,0.1350145306267313,0.006344795227050781
508,0.5555555555555556,0.0,-0.2969093612840567,0.00714111328125
509,0.5555555555555556,0.0,-1.9156673089832588,0.007137775421142578
510,0.5555555555555556,0.1111111111111111,1.0079748497421952,0.008536100387573242
511,0.5555555555555556,0.1111111111111111,1.4874423916100719,0.008411884307861328
512,0.5555555555555556,0.1111111111111111,0.3099017845212533,0.008253097534179688
513,0.5555555555555556,0.1111111111111111,1.169343979368772,0.00853872299194336
514,0.5555555555555556,0.1111111111111111,0.6504657206118181,0.008414983749389648
515,0.5555555555555556,0.1111111111111111,0.22341648283120183,0.007696866989135742
516,0.5555555555555556,0.1111111111111111,-0.609627498694953,0.0069429874420166016
517,0.5555555555555556,0.1111111111111111,0.17242388425699925,0.008418083190917969
518,0.5555555555555556,0.1111111111111111,-1.2242072054759918,0.0069828033447265625
519,0.5555555555555556,0.1111111111111111,-0.5795054145691472,0.009440183639526367
520,0.5555555555555556,0.2222222222222222,1.7357690120210334,0.00798797607421875
521,0.5555555555555556,0.2222222222222222,1.5081975249773025,0.009778022766113281
522,0.5555555555555556,0.2222222222222222,0.5937743141229574,0.007874011993408203
523,0.5555555555555556,0.2222222222222222,0.824966801909327,0.009814023971557617
524,0.5555555555555556,0.2222222222222222,-0.45015724187609707,0.009779930114746094
525,0.5555555555555556,0.2222222222222222,-0.7652509453504732,0.008332014083862305
526,0.5555555555555556,0.2222222222222222,0.27013928170790313,0.007857799530029297
527,0.5555555555555556,0.2222222222222222,2.1157346546010554,0.008095979690551758
528,0.5555555555555556,0.2222222222222222,-1.199804986643357,0.00788569450378418
529,0.5555555555555556,0.2222222222222222,0.295772408886801,0.008316993713378906
530,0.5555555555555556,0.3333333333333333,0.7642146096540179,0.00899505615234375
531,0.5555555555555556,0.3333333333333333,0.3385146444403818,0.008949995040893555
532,0.5555555555555556,0.3333333333333333,-0.10736784050407305,0.010680913925170898
533,0.5555555555555556,0.3333333333333333,-0.6743635756884474,0.009063959121704102
534,0.5555555555555556,0.3333333333333333,1.0711731485855827,0.009160041809082031
535,0.5555555555555556,0.3333333333333333,0.9543969910870047,0.00904393196105957
536,0.5555555555555556,0.3333333333333333,-0.16001825633016925,0.010276079177856445
537,0.5555555555555556,0.3333333333333333,-0.3088974929581253,0.009303092956542969
538,0.5555555555555556,0.3333333333333333,0.17116634558349253,0.010288000106811523
539,0.5555555555555556,0.3333333333333333,0.6185286268890241,0.009311199188232422
540,0.5555555555555556,0.4444444444444444,-1.622705018454523,0.010360956192016602
541,0.5555555555555556,0.4444444444444444,0.9356638077320383,0.010384798049926758
542,0.5555555555555556,0.4444444444444444,0.36493397717954135,0.010209083557128906
543,0.5555555555555556,0.4444444444444444,0.9751691077897792,0.012110233306884766
544,0.5555555555555556,0.4444444444444444,-0.4915869772788024,0.010088920593261719
545,0.5555555555555556,0.4444444444444444,-0.045662797283044954,0.0100860595703125
546,0.5555555555555556,0.4444444444444444,-1.5985895704256963,0.01259613037109375
547,0.5555555555555556,0.4444444444444444,-0.08443914781072809,0.010581731796264648
548,0.5555555555555556,0.4444444444444444,0.926621413268057,0.01011204719543457
549,0.5555555555555556,0.4444444444444444,0.05201084760116062,0.012594223022460938
550,0.5555555555555556,0.5555555555555556,0.17960540117493232,0.011376142501831055
551,0.5555555555555556,0.5555555555555556,3.422344454365298,0.011610031127929688
552,0.5555555555555556,0.5555555555555556,0.3155253820875066,0.01124119758605957
553,0.5555555555555556,0.5555555555555556,1.8807904076855309,0.01119685173034668
554,0.5555555555555556,0.5555555555555556,0.8378706973588947,0.013071060180664062
555,0.5555555555555556,0.5555555555555556,-0.5144505467245957,0.011365890502929688
556,0.5555555555555556,0.5555555555555556,1.0336153903069707,0.013267040252685547
557,0.5555555555555556,0.5555555555555556,-0.7521582417115478,0.011240005493164062
558,0.5555555555555556,0.5555555555555556,-0.33647889811682075,0.011740922927856445
559,0.5555555555555556,0.5555555555555556,0.9012709673856102,0.011229991912841797
560,0.5555555555555556,0.6666666666666666,1.999573190649964,0.013855934143066406
561,0.5555555555555556,0.6666666666666666,1.5213953320123994,0.015230178833007812
562,0.5555555555555556,0.6666666666666666,-0.053242658546391264,0.012584924697875977
563,0.5555555555555556,0.6666666666666666,0.13598786999586548,0.012959957122802734
564,0.5555555555555556,0.6666666666666666,0.024958314659485115,0.01538705825805664
565,0.5555555555555556,0.6666666666666666,-0.8295258545131518,0.01462101936340332
566,0.5555555555555556,0.6666666666666666,0.20403864045500303,0.012320995330810547
567,0.5555555555555556,0.6666666666666666,-0.11831039568343055,0.014122962951660156
568,0.5555555555555556,0.6666666666666666,0.513097176891999,0.013599395751953125
569,0.5555555555555556,0.6666666666666666,0.8847753702503565,0.012320995330810547
570,0.5555555555555556,0.7777777777777777,-1.2204771296797048,0.014654874801635742
571,0.5555555555555556,0.7777777777777777,0.9839254762015119,0.01595473289489746
572,0.5555555555555556,0.7777777777777777,0.6820331540751883,0.014507770538330078
573,0.5555555555555556,0.7777777777777777,-0.41794861582599113,0.015254974365234375
574,0.5555555555555556,0.7777777777777777,1.6399080018337433,0.013510942459106445
575,0.5555555555555556,0.7777777777777777,0.32099469036696804,0.013751029968261719
576,0.5555555555555556,0.7777777777777777,-0.11601439722597212,0.015406131744384766
577,0.5555555555555556,0.7777777777777777,2.8143295566862045,0.014354228973388672
578,0.5555555555555556,0.7777777777777777,0.9158914110120397,0.0134429931640625
579,0.5555555555555556,0.7777777777777777,2.5101102423615824,0.01353001594543457
580,0.5555555555555556,0.8888888888888888,0.6353850938944767,0.01601099967956543
581,0.5555555555555556,0.8888888888888888,1.160528750288003,0.015226125717163086
582,0.5555555555555556,0.8888888888888888,0.47882913467558996,0.016525983810424805
583,0.5555555555555556,0.8888888888888888,-0.8346371482746007,0.016052961349487305
584,0.5555555555555556,0.8888888888888888,-0.7522222238041605,0.016103029251098633
585,0.5555555555555556,0.8888888888888888,1.454833515166242,0.014598846435546875
586,0.5555555555555556,0.8888888888888888,-0.11187719950854513,0.017797231674194336
587,0.5555555555555556,0.8888888888888888,1.2209708124450689,0.016058921813964844
588,0.5555555555555556,0.8888888888888888,1.4521146502059459,0.016551971435546875
589,0.5555555555555556,0.8888888888888888,-1.5108514557737407,0.014549970626831055
590,0.5555555555555556,1.0,-1.0366429914290587,0.01694512367248535
591,0.5555555555555556,1.0,0.14070956257778666,0.01631307601928711
592,0.5555555555555556,1.0,2.057276849621303,0.016701936721801758
593,0.5555555555555556,1.0,0.5156447418122747,0.017449140548706055
594,0.5555555555555556,1.0,0.3271751111704443,0.017496109008789062
595,0.5555555555555556,1.0,1.7317899848797926,0.018671751022338867
596,0.5555555555555556,1.0,1.001692488624558,0.019425630569458008
597,0.5555555555555556,1.0,0.6097763600394248,0.01861095428466797
598,0.5555555555555556,1.0,0.32676903125020884,0.019639968872070312
599,0.5555555555555556,1.0,2.6040329411309173,0.017618179321289062
600,0.6666666666666666,0.0,0.9142449445912127,0.0070209503173828125
601,0.6666666666666666,0.0,-1.03391686541,0.008533000946044922
602,0.6666666666666666,0.0,0.23339294538143854,0.00689387321472168
603,0.6666666666666666,0.0,-1.1550230629147578,0.008557796478271484
604,0.6666666666666666,0.0,0.79102319757766,0.008533954620361328
605,0.6666666666666666,0.0,1.0498916691106162,0.008526802062988281
606,0.6666666666666666,0.0,1.0809893666107626,0.00853729248046875
607,0.6666666666666666,0.0,-0.6917974024069751,0.006758213043212891
608,0.6666666666666666,0.0,-0.8699262810377559,0.006968259811401367
609,0.6666666666666666,0.0,0.3344396269125936,0.007172107696533203
610,0.6666666666666666,0.1111111111111111,0.8686916293761273,0.009974002838134766
611,0.6666666666666666,0.1111111111111111,-0.2455536727527769,0.009919881820678711
612,0.6666666666666666,0.1111111111111111,-0.8282264124641124,0.009374141693115234
613,0.6666666666666666,0.1111111111111111,-1.3814974899506165,0.00923299789428711
614,0.6666666666666666,0.1111111111111111,0.7728046231621206,0.008183002471923828
615,0.6666666666666666,0.1111111111111111,-1.539188219561487,0.009944915771484375
616,0.6666666666666666,0.1111111111111111,0.18773395441421722,0.009891986846923828
617,0.6666666666666666,0.1111111111111111,0.10194540365889475,0.0086669921875
618,0.6666666666666666,0.1111111111111111,-0.8482938858291179,0.009893178939819336
619,0.6666666666666666,0.1111111111111111,1.640609980395006,0.008656978607177734
620,0.6666666666666666,0.2222222222222222,-0.13276020197929284,0.011306047439575195
621,0.6666666666666666,0.2222222222222222,0.7762217261532413,0.011207818984985352
622,0.6666666666666666,0.2222222222222222,-0.063418114645416,0.010776042938232422
623,0.6666666666666666,0.2222222222222222,0.6037488791464247,0.011311054229736328
624,0.6666666666666666,0.2222222222222222,1.2066822734845772,0.01014399528503418
625,0.6666666666666666,0.2222222222222222,-0.02187470046190726,0.011352062225341797
626,0.6666666666666666,0.2222222222222222,-1.650674592784992,0.011324882507324219
627,0.6666666666666666,0.2222222222222222,0.131840031800799,0.011314153671264648
628,0.6666666666666666,0.2222222222222222,1.4184615435539134,0.008980989456176758
629,0.6666666666666666,0.2222222222222222,0.48879617290336835,0.011398792266845703
630,0.6666666666666666,0.3333333333333333,-0.7271881126815394,0.01270604133605957
631,0.6666666666666666,0.3333333333333333,0.12890568504872668,0.012703895568847656
632,0.6666666666666666,0.3333333333333333,2.205180602430214,0.012271881103515625
633,0.6666666666666666,0.3333333333333333,0.6690374102389303,0.0123291015625
634,0.6666666666666666,0.3333333333333333,1.3284106643089104,0.010760068893432617
635,0.6666666666666666,0.3333333333333333,1.036685598176614,0.01009988784790039
636,0.6666666666666666,0.3333333333333333,-0.4571745588527344,0.010681867599487305
637,0.6666666666666666,0.3333333333333333,1.4728430602884965,0.011553049087524414
638,0.6666666666666666,0.3333333333333333,-0.15698746190948842,0.010608911514282227
639,0.6666666666666666,0.3333333333333333,-0.8840945555549128,0.01114797592163086
640,0.6666666666666666,0.4444444444444444,-1.2146696066187312,0.012095928192138672
641,0.6666666666666666,0.4444444444444444,0.16407147708273168,0.011339902877807617
642,0.6666666666666666,0.4444444444444444,-0.22461852868257692,0.01199197769165039
643,0.6666666666666666,0.4444444444444444,-0.4413086946693726,0.011814355850219727
644,0.6666666666666666,0.4444444444444444,0.1140549214707687,0.014101028442382812
645,0.6666666666666666,0.4444444444444444,-0.44180018364371865,0.012009143829345703
646,0.6666666666666666,0.4444444444444444,0.06555095353804874,0.013798952102661133
647,0.6666666666666666,0.4444444444444444,-0.2723225023646718,0.011357784271240234
648,0.6666666666666666,0.4444444444444444,1.953771956023511,0.013387918472290039
649,0.6666666666666666,0.4444444444444444,0.9390791321093325,0.011272907257080078
650,0.6666666666666666,0.5555555555555556,0.050705279049523044,0.014661073684692383
651,0.6666666666666666,0.5555555555555556,0.6576038146816579,0.012493133544921875
652,0.6666666666666666,0.5555555555555556,-0.710757628816962,0.012671947479248047
653,0.6666666666666666,0.5555555555555556,0.8936874900429138,0.013510942459106445
654,0.6666666666666666,0.5555555555555556,1.20779073668107,0.01289224624633789
655,0.6666666666666666,0.5555555555555556,-0.5197969948639068,0.013785839080810547
656,0.6666666666666666,0.5555555555555556,0.4954057958592907,0.015460968017578125
657,0.6666666666666666,0.5555555555555556,-0.2384160524177863,0.014024972915649414
658,0.6666666666666666,0.5555555555555556,-0.5419557561551459,0.015440940856933594
659,0.6666666666666666,0.5555555555555556,1.3249542529952936,0.012362003326416016
660,0.6666666666666666,0.6666666666666666,-0.6499193367652405,0.014750957489013672
661,0.6666666666666666,0.6666666666666666,1.117687964950107,0.016030311584472656
662,0.6666666666666666,0.6666666666666666,1.1423915128905568,0.016476869583129883
663,0.6666666666666666,0.6666666666666666,0.9851963572825475,0.014925956726074219
664,0.6666666666666666,0.6666666666666666,0.1487016053050107,0.016870975494384766
665,0.6666666666666666,0.6666666666666666,-0.26102277131517326,0.01430201530456543
666,0.6666666666666666,0.6666666666666666,-0.6649273460143592,0.013411760330200195
667,0.6666666666666666,0.6666666666666666,-1.5101561685996043,0.013727903366088867
668,0.6666666666666666,0.6666666666666666,1.0147810130421764,0.015492916107177734
669,0.6666666666666666,0.6666666666666666,0.7554644299717721,0.013468027114868164
670,0.6666666666666666,0.7777777777777777,-0.5113124857861888,0.014618873596191406
671,0.6666666666666666,0.7777777777777777,1.1398391256170362,0.016437053680419922
672,0.6666666666666666,0.7777777777777777,0.6052178730961667,0.017802000045776367
673,0.6666666666666666,0.7777777777777777,-0.060888082475683,0.01759791374206543
674,0.6666666666666666,0.7777777777777777,0.4397997610829658,0.01686406135559082
675,0.6666666666666666,0.7777777777777777,-0.350907712145862,0.015560150146484375
676,0.6666666666666666,0.7777777777777777,-0.48776351101642645,0.01671767234802246
677,0.6666666666666666,0.7777777777777777,0.18787733333888829,0.017529726028442383
678,0.6666666666666666,0.7777777777777777,1.211652151260963,0.014740943908691406
679,0.6666666666666666,0.7777777777777777,0.1890673527714723,0.015385150909423828
680,0.6666666666666666,0.8888888888888888,0.30661813346764494,0.019637107849121094
681,0.6666666666666666,0.8888888888888888,1.8489959473752897,0.015722990036010742
682,0.6666666666666666,0.8888888888888888,0.36185005221599753,0.01933002471923828
683,0.6666666666666666,0.8888888888888888,0.658171951164943,0.018742799758911133
684,0.6666666666666666,0.8888888888888888,1.774589404547619,0.01949286460876465
685,0.6666666666666666,0.8888888888888888,-0.3613864560379899,0.017363786697387695
686,0.6666666666666666,0.8888888888888888,1.3622967021787398,0.019641876220703125
687,0.6666666666666666,0.8888888888888888,-0.6830405213064787,0.019654035568237305
688,0.6666666666666666,0.8888888888888888,1.1513333708246225,0.018355131149291992
689,0.6666666666666666,0.8888888888888888,1.1730537983537974,0.017228126525878906
690,0.6666666666666666,1.0,1.4636713432457689,0.020205020904541016
691,0.6666666666666666,1.0,0.8961685168158483,0.021044015884399414
692,0.6666666666666666,1.0,-0.5157210222737799,0.017590999603271484
693,0.6666666666666666,1.0,0.4299425885964612,0.02073502540588379
694,0.6666666666666666,1.0,3.1233008527148867,0.01675891876220703
695,0.6666666666666666,1.0,0.4428038334307679,0.02103281021118164
696,0.6666666666666666,1.0,0.8630491028046888,0.01721787452697754
697,0.6666666666666666,1.0,0.000729019277199705,0.017445802688598633
698,0.6666666666666666,1.0,1.7153514241718097,0.02041482925415039
699,0.6666666666666666,1.0,0.9216873869970892,0.02089715003967285
700,0.7777777777777777,0.0,1.9852801831536444,0.008496999740600586
701,0.7777777777777777,0.0,-1.0170007790104263,0.008073091506958008
702,0.7777777777777777,0.0,-0.4959489525340065,0.008877038955688477
703,0.7777777777777777,0.0,-1.3232265161178738,0.009835004806518555
704,0.7777777777777777,0.0,-0.5196026419898503,0.008144855499267578
705,0.7777777777777777,0.0,-0.1922767651818654,0.009283781051635742
706,0.7777777777777777,0.0,-0.392959796541664,0.009886026382446289
707,0.7777777777777777,0.0,-1.4103794190572638,0.009912252426147461
708,0.7777777777777777,0.0,0.18348628528553346,0.00988006591796875
709,0.7777777777777777,0.0,0.402700461306592,0.007918834686279297
710,0.7777777777777777,0.1111111111111111,-0.1267260821984279,0.011311769485473633
711,0.7777777777777777,0.1111111111111111,-0.19709102011038793,0.011268138885498047
712,0.7777777777777777,0.1111111111111111,-0.03916001763853931,0.011313199996948242
713,0.7777777777777777,0.1111111111111111,-0.4963805643860017,0.009365081787109375
714,0.7777777777777777,0.1111111111111111,0.010965777436374002,0.010364055633544922
715,0.7777777777777777,0.1111111111111111,-0.11708698812470796,0.011306047439575195
716,0.7777777777777777,0.1111111111111111,-1.0245014659180016,0.009060144424438477
717,0.7777777777777777,0.1111111111111111,-1.2130000060488424,0.011307954788208008
718,0.7777777777777777,0.1111111111111111,1.0755834533275175,0.010451078414916992
719,0.7777777777777777,0.1111111111111111,2.090267712815061,0.009198188781738281
720,0.7777777777777777,0.2222222222222222,-2.2706181931160416,0.010823965072631836
721,0.7777777777777777,0.2222222222222222,-0.8661122226034074,0.01273798942565918
722,0.7777777777777777,0.2222222222222222,0.24484290711086865,0.01266622543334961
723,0.7777777777777777,0.2222222222222222,-0.05406754319860074,0.012725830078125
724,0.7777777777777777,0.2222222222222222,-0.3087723479345106,0.012000799179077148
725,0.7777777777777777,0.2222222222222222,0.23943044639855093,0.01269078254699707
726,0.7777777777777777,0.2222222222222222,0.4107033331591013,0.010077953338623047
727,0.7777777777777777,0.2222222222222222,-0.45192213779675194,0.01189112663269043
728,0.7777777777777777,0.2222222222222222,0.9434857423217851,0.0117340087890625
729,0.7777777777777777,0.2222222222222222,-1.8755259601998993,0.012657880783081055
730,0.7777777777777777,0.3333333333333333,1.0360581790829504,0.01412510871887207
731,0.7777777777777777,0.3333333333333333,0.2869681848336609,0.01409912109375
732,0.7777777777777777,0.3333333333333333,1.0417199867635079,0.014089822769165039
733,0.7777777777777777,0.3333333333333333,-0.9621395768976096,0.013769149780273438
734,0.7777777777777777,0.3333333333333333,0.046981886511974436,0.01408696174621582
735,0.7777777777777777,0.3333333333333333,1.0925076598659489,0.014094829559326172
736,0.7777777777777777,0.3333333333333333,0.4015075484830237,0.01409292221069336
737,0.7777777777777777,0.3333333333333333,-0.06885088510745918,0.014087200164794922
738,0.7777777777777777,0.3333333333333333,0.9568694422860353,0.011385202407836914
739,0.7777777777777777,0.3333333333333333,1.5896142604556536,0.013573884963989258
740,0.7777777777777777,0.4444444444444444,0.2976014580601934,0.012479066848754883
741,0.7777777777777777,0.4444444444444444,-0.3005473717992217,0.015485048294067383
742,0.7777777777777777,0.4444444444444444,-0.267292895759017,0.015486001968383789
743,0.7777777777777777,0.4444444444444444,0.5989695087967027,0.015481948852539062
744,0.7777777777777777,0.4444444444444444,1.0251454094122727,0.014645099639892578
745,0.7777777777777777,0.4444444444444444,-0.6604189147113557,0.012609004974365234
746,0.7777777777777777,0.4444444444444444,-0.12315922923985095,0.012439966201782227
747,0.7777777777777777,0.4444444444444444,2.8103598227845676,0.012385129928588867
748,0.7777777777777777,0.4444444444444444,0.8196562082325539,0.012874841690063477
749,0.7777777777777777,0.4444444444444444,0.05187287445156186,0.013360977172851562
750,0.7777777777777777,0.5555555555555556,-0.048423626293602307,0.014113903045654297
751,0.7777777777777777,0.5555555555555556,-0.7315271232963165,0.015225887298583984
752,0.7777777777777777,0.5555555555555556,2.4534820263013186,0.016679763793945312
753,0.7777777777777777,0.5555555555555556,-0.2229704679254439,0.01579904556274414
754,0.7777777777777777,0.5555555555555556,-0.5158001997868771,0.016922712326049805
755,0.7777777777777777,0.5555555555555556,0.4862380154661548,0.015149831771850586
756,0.7777777777777777,0.5555555555555556,-0.07243066573055584,0.016576051712036133
757,0.7777777777777777,0.5555555555555556,-0.16640786256439727,0.014399051666259766
758,0.7777777777777777,0.5555555555555556,0.30173206000652486,0.016933202743530273
759,0.7777777777777777,0.5555555555555556,0.26399892476441633,0.015064239501953125
760,0.7777777777777777,0.6666666666666666,1.7125155402364889,0.014653921127319336
761,0.7777777777777777,0.6666666666666666,-0.42059751569917037,0.014583110809326172
762,0.7777777777777777,0.6666666666666666,1.927090654630632,0.01734304428100586
763,0.7777777777777777,0.6666666666666666,1.002735479827765,0.014841079711914062
764,0.7777777777777777,0.6666666666666666,0.3452608245730302,0.01693892478942871
765,0.7777777777777777,0.6666666666666666,0.3206333489240155,0.014505147933959961
766,0.7777777777777777,0.6666666666666666,0.019387049545923074,0.016145944595336914
767,0.7777777777777777,0.6666666666666666,0.3932250211119156,0.018207311630249023
768,0.7777777777777777,0.6666666666666666,1.1324884309424612,0.015533924102783203
769,0.7777777777777777,0.6666666666666666,2.045256563841378,0.018248796463012695
770,0.7777777777777777,0.7777777777777777,-0.46542357940116785,0.01872420310974121
771,0.7777777777777777,0.7777777777777777,2.186367329806645,0.018243074417114258
772,0.7777777777777777,0.7777777777777777,-0.57972759423216,0.019649028778076172
773,0.7777777777777777,0.7777777777777777,0.511284897111955,0.015643835067749023
774,0.7777777777777777,0.7777777777777777,-0.3286082526584877,0.019643068313598633
775,0.7777777777777777,0.7777777777777777,-0.660069132741147,0.01708531379699707
776,0.7777777777777777,0.7777777777777777,0.63993186716075,0.019601821899414062
777,0.7777777777777777,0.7777777777777777,0.06747550388558166,0.016123056411743164
778,0.7777777777777777,0.7777777777777777,-0.9537737379467173,0.01669001579284668
779,0.7777777777777777,0.7777777777777777,1.5234048502461848,0.015681028366088867
780,0.7777777777777777,0.8888888888888888,0.7399410481988117,0.017625093460083008
781,0.7777777777777777,0.8888888888888888,0.39571469020014455,0.016787052154541016
782,0.7777777777777777,0.8888888888888888,0.3544072086892468,0.0167849063873291
783,0.7777777777777777,0.8888888888888888,2.1998440250142206,0.0195770263671875
784,0.7777777777777777,0.8888888888888888,1.1525783361253503,0.0208282470703125
785,0.7777777777777777,0.8888888888888888,2.4629699982620963,0.01703810691833496
786,0.7777777777777777,0.8888888888888888,0.6082238449333212,0.017702817916870117
787,0.7777777777777777,0.8888888888888888,-0.030630276319637106,0.020946025848388672
788,0.7777777777777777,0.8888888888888888,1.6087998969262927,0.02034473419189453
789,0.7777777777777777,0.8888888888888888,0.41354128850187455,0.01678323745727539
790,0.7777777777777777,1.0,1.682998498950967,0.02050304412841797
791,0.7777777777777777,1.0,0.8223268022113899,0.018742084503173828
792,0.7777777777777777,1.0,0.1840153853735358,0.02241802215576172
793,0.7777777777777777,1.0,1.4642326636761722,0.021530866622924805
794,0.7777777777777777,1.0,1.599981593475151,0.019802093505859375
795,0.7777777777777777,1.0,2.526791679860239,0.022427797317504883
796,0.7777777777777777,1.0,2.243194900242745,0.022422075271606445
797,0.7777777777777777,1.0,0.9299270588090246,0.018679141998291016
798,0.7777777777777777,1.0,2.0154987630664802,0.018664121627807617
799,0.7777777777777777,1.0,-1.5870520790055904,0.02243494987487793
800,0.8888888888888888,0.0,0.7519450798135079,0.009144067764282227
801,0.8888888888888888,0.0,0.6740498040939978,0.011271953582763672
802,0.8888888888888888,0.0,0.6847950460358451,0.009422779083251953
803,0.8888888888888888,0.0,-0.6481827604671946,0.011310100555419922
804,0.8888888888888888,0.0,0.3168496973804758,0.011317968368530273
805,0.8888888888888888,0.0,0.21826662235040137,0.011311054229736328
806,0.8888888888888888,0.0,0.18813171328701822,0.00940394401550293
807,0.8888888888888888,0.0,0.8431672530482874,0.010268926620483398
808,0.8888888888888888,0.0,-1.0471495466602232,0.00922393798828125
809,0.8888888888888888,0.0,-1.5774934201567297,0.010949134826660156
810,0.8888888888888888,0.1111111111111111,0.2774202869667729,0.012709856033325195
811,0.8888888888888888,0.1111111111111111,-0.510260758662591,0.012034893035888672
812,0.8888888888888888,0.1111111111111111,-1.4463246218534334,0.012697219848632812
813,0.8888888888888888,0.1111111111111111,1.4590817582577775,0.010310888290405273
814,0.8888888888888888,0.1111111111111111,-1.3166051807112396,0.010267257690429688
815,0.8888888888888888,0.1111111111111111,0.391378025018062,0.011728763580322266
816,0.8888888888888888,0.1111111111111111,0.2586787044817356,0.011378765106201172
817,0.8888888888888888,0.1111111111111111,0.833687691881413,0.01271820068359375
818,0.8888888888888888,0.1111111111111111,-0.45286994266329383,0.011313199996948242
819,0.8888888888888888,0.1111111111111111,0.79193119258624,0.0127410888671875
820,0.8888888888888888,0.2222222222222222,0.7475367729029544,0.014084815979003906
821,0.8888888888888888,0.2222222222222222,0.15066655850051,0.012884855270385742
822,0.8888888888888888,0.2222222222222222,0.4817786902564027,0.014083147048950195
823,0.8888888888888888,0.2222222222222222,-0.1358489557432227,0.012840986251831055
824,0.8888888888888888,0.2222222222222222,0.6435716569607599,0.011356830596923828
825,0.8888888888888888,0.2222222222222222,-0.8089015819382097,0.011657953262329102
826,0.8888888888888888,0.2222222222222222,-1.666209899987454,0.014113187789916992
827,0.8888888888888888,0.2222222222222222,-0.28421776052607706,0.012840986251831055
828,0.8888888888888888,0.2222222222222222,-1.042849317022064,0.014136791229248047
829,0.8888888888888888,0.2222222222222222,0.2557585790499363,0.013078927993774414
830,0.8888888888888888,0.3333333333333333,0.34385112762544817,0.015488147735595703
831,0.8888888888888888,0.3333333333333333,-0.657085593005844,0.015497207641601562
832,0.8888888888888888,0.3333333333333333,0.39167909735552003,0.014003992080688477
833,0.8888888888888888,0.3333333333333333,0.9755812034337378,0.013283729553222656
834,0.8888888888888888,0.3333333333333333,-0.5207712353749223,0.015477657318115234
835,0.8888888888888888,0.3333333333333333,-0.12810906585209958,0.01547384262084961
836,0.8888888888888888,0.3333333333333333,0.18178729361775053,0.015479087829589844
837,0.8888888888888888,0.3333333333333333,0.20987190953140183,0.01551675796508789
838,0.8888888888888888,0.3333333333333333,-1.292967154726134,0.012695074081420898
839,0.8888888888888888,0.3333333333333333,-0.37914651051398107,0.015371084213256836
840,0.8888888888888888,0.4444444444444444,0.051792225866630015,0.016314029693603516
841,0.8888888888888888,0.4444444444444444,1.0698495670841615,0.014697074890136719
842,0.8888888888888888,0.4444444444444444,0.19177390211550785,0.016489028930664062
843,0.8888888888888888,0.4444444444444444,0.6129591247358366,0.013978958129882812
844,0.8888888888888888,0.4444444444444444,-0.026708898789207625,0.014650106430053711
845,0.8888888888888888,0.4444444444444444,0.2971186442105991,0.015794038772583008
846,0.8888888888888888,0.4444444444444444,-0.6997697185983138,0.01577281951904297
847,0.8888888888888888,0.4444444444444444,-2.051439754873235,0.016662120819091797
848,0.8888888888888888,0.4444444444444444,-0.7558889974143184,0.015563011169433594
849,0.8888888888888888,0.4444444444444444,-0.5724879889721709,0.016721010208129883
850,0.8888888888888888,0.5555555555555556,-0.9483573747789713,0.017100811004638672
851,0.8888888888888888,0.5555555555555556,-0.3320804907027469,0.017228126525878906
852,0.8888888888888888,0.5555555555555556,0.016229848845031203,0.015744924545288086
853,0.8888888888888888,0.5555555555555556,-0.8985122499119342,0.016690969467163086
854,0.8888888888888888,0.5555555555555556,0.9578466865448194,0.017209768295288086
855,0.8888888888888888,0.5555555555555556,-0.6877317515001626,0.01655721664428711
856,0.8888888888888888,0.5555555555555556,1.0758638662675104,0.01707601547241211
857,0.8888888888888888,0.5555555555555556,-0.03368025436518196,0.016657114028930664
858,0.8888888888888888,0.5555555555555556,0.6792646189746531,0.014599084854125977
859,0.8888888888888888,0.5555555555555556,2.3019421000209337,0.0170290470123291
860,0.8888888888888888,0.6666666666666666,0.8960241811803935,0.018287181854248047
861,0.8888888888888888,0.6666666666666666,0.5267545311904798,0.01673102378845215
862,0.8888888888888888,0.6666666666666666,0.09651939829769163,0.019226789474487305
863,0.8888888888888888,0.6666666666666666,1.602461509467039,0.019645214080810547
864,0.8888888888888888,0.6666666666666666,-0.9297674005816965,0.015661001205444336
865,0.8888888888888888,0.6666666666666666,1.1864785435870036,0.01840519905090332
866,0.8888888888888888,0.6666666666666666,0.42238259796214245,0.01965785026550293
867,0.8888888888888888,0.6666666666666666,2.048994695607915,0.018006086349487305
868,0.8888888888888888,0.6666666666666666,1.9562592361654603,0.01967620849609375
869,0.8888888888888888,0.6666666666666666,0.16985287660209814,0.016365766525268555
870,0.8888888888888888,0.7777777777777777,-0.37414500016763996,0.020056724548339844
871,0.8888888888888888,0.7777777777777777,-1.2806595533049423,0.016788244247436523
872,0.8888888888888888,0.7777777777777777,-0.6364733889244435,0.02103400230407715
873,0.8888888888888888,0.7777777777777777,-0.2380446073236191,0.017962932586669922
874,0.8888888888888888,0.7777777777777777,1.3799223237221359,0.017873048782348633
875,0.8888888888888888,0.7777777777777777,-0.0476701184718612,0.020115137100219727
876,0.8888888888888888,0.7777777777777777,0.7406208204615135,0.020995140075683594
877,0.8888888888888888,0.7777777777777777,0.13336778899769086,0.01859879493713379
878,0.8888888888888888,0.7777777777777777,1.0031703626421922,0.0179290771484375
879,0.8888888888888888,0.7777777777777777,0.9907654721083566,0.021048784255981445
880,0.8888888888888888,0.8888888888888888,1.8795919663255642,0.022424936294555664
881,0.8888888888888888,0.8888888888888888,1.2200981858670858,0.02183699607849121
882,0.8888888888888888,0.8888888888888888,0.8478593872142165,0.018717050552368164
883,0.8888888888888888,0.8888888888888888,-0.5940407910051573,0.021686077117919922
884,0.8888888888888888,0.8888888888888888,2.113930161602435,0.01787590980529785
885,0.8888888888888888,0.8888888888888888,-0.24605455059349435,0.022429943084716797
886,0.8888888888888888,0.8888888888888888,2.2629005855425985,0.019308090209960938
887,0.8888888888888888,0.8888888888888888,0.061473803919704584,0.022464990615844727
888,0.8888888888888888,0.8888888888888888,1.2963865306755418,0.022306203842163086
889,0.8888888888888888,0.8888888888888888,1.018524110476589,0.021717071533203125
890,0.8888888888888888,1.0,0.8747505718579159,0.02381110191345215
891,0.8888888888888888,1.0,0.35775144487730537,0.020244359970092773
892,0.8888888888888888,1.0,2.058318677271449,0.02198314666748047
893,0.8888888888888888,1.0,2.2914634508294505,0.020355701446533203
894,0.8888888888888888,1.0,0.9770575760914553,0.023815155029296875
895,0.8888888888888888,1.0,3.226773781050594,0.023228883743286133
896,0.8888888888888888,1.0,-0.21070145369986282,0.023768186569213867
897,0.8888888888888888,1.0,-1.4060701735183412,0.01963496208190918
898,0.8888888888888888,1.0,1.9577517946849745,0.023272991180419922
899,0.8888888888888888,1.0,1.7124139544333135,0.021776914596557617
900,1.0,0.0,-1.192002354191382,0.011639118194580078
901,1.0,0.0,0.5413571447692305,0.012661218643188477
902,1.0,0.0,0.8668358252971985,0.012449026107788086
903,1.0,0.0,-0.32605164221974653,0.010102033615112305
904,1.0,0.0,-0.3941094195274387,0.012655973434448242
905,1.0,0.0,0.845618723078524,0.012668848037719727
906,1.0,0.0,0.2697258807679978,0.012656927108764648
907,1.0,0.0,-0.526020618487788,0.012651920318603516
908,1.0,0.0,0.896934486634517,0.012653827667236328
909,1.0,0.0,-0.17063596239696985,0.012655258178710938
910,1.0,0.1111111111111111,-0.012598504385248996,0.013432979583740234
911,1.0,0.1111111111111111,-0.2793939242377249,0.01257181167602539
912,1.0,0.1111111111111111,0.5303714538111106,0.014068365097045898
913,1.0,0.1111111111111111,1.3674733517445674,0.014065980911254883
914,1.0,0.1111111111111111,1.0178685473698523,0.014045953750610352
915,1.0,0.1111111111111111,0.4254956229198897,0.012969017028808594
916,1.0,0.1111111111111111,0.13563154231527907,0.011279821395874023
917,1.0,0.1111111111111111,0.015283403396223902,0.013795852661132812
918,1.0,0.1111111111111111,0.44435234710791965,0.012197017669677734
919,1.0,0.1111111111111111,-0.22803540302682046,0.01127481460571289
920,1.0,0.2222222222222222,-0.7609220518638647,0.014475822448730469
921,1.0,0.2222222222222222,1.1751013050356653,0.015437602996826172
922,1.0,0.2222222222222222,-0.5732148440036714,0.014438152313232422
923,1.0,0.2222222222222222,1.2959306287029797,0.014514923095703125
924,1.0,0.2222222222222222,-1.1259377866108573,0.013135910034179688
925,1.0,0.2222222222222222,0.04021213366319701,0.012743949890136719
926,1.0,0.2222222222222222,-0.7943599742313415,0.015386104583740234
927,1.0,0.2222222222222222,-1.026890671262414,0.01480722427368164
928,1.0,0.2222222222222222,1.5555136895895525,0.015431880950927734
929,1.0,0.2222222222222222,0.5252465268444485,0.01547098159790039
930,1.0,0.3333333333333333,1.0083043588587428,0.015689849853515625
931,1.0,0.3333333333333333,0.1341899014969317,0.013722896575927734
932,1.0,0.3333333333333333,1.587475810417708,0.013866901397705078
933,1.0,0.3333333333333333,-0.2697105323332116,0.015151262283325195
934,1.0,0.3333333333333333,1.7623290882325027,0.01682305335998535
935,1.0,0.3333333333333333,0.5167927156326435,0.013606071472167969
936,1.0,0.3333333333333333,0.5001831405069993,0.014637231826782227
937,1.0,0.3333333333333333,-0.10974567441118516,0.01654505729675293
938,1.0,0.3333333333333333,0.3544519693295591,0.01643967628479004
939,1.0,0.3333333333333333,1.3581901783329873,0.016463041305541992
940,1.0,0.4444444444444444,1.004169890642258,0.015604972839355469
941,1.0,0.4444444444444444,0.06520026953613822,0.01648426055908203
942,1.0,0.4444444444444444,0.036568489403231264,0.017491817474365234
943,1.0,0.4444444444444444,1.0555798035349864,0.016553878784179688
944,1.0,0.4444444444444444,-0.06395666675171496,0.016363143920898438
945,1.0,0.4444444444444444,-1.0901626033241567,0.01784801483154297
946,1.0,0.4444444444444444,1.2192489405917615,0.016350984573364258
947,1.0,0.4444444444444444,-0.6068238062197355,0.01553201675415039
948,1.0,0.4444444444444444,0.5277636311983733,0.01690220832824707
949,1.0,0.4444444444444444,-0.24015129312054562,0.016607284545898438
950,1.0,0.5555555555555556,-0.5332596238382674,0.016659975051879883
951,1.0,0.5555555555555556,1.8023676310052295,0.0156710147857666
952,1.0,0.5555555555555556,-0.46559643735876577,0.019684791564941406
953,1.0,0.5555555555555556,0.46990330741945735,0.018471240997314453
954,1.0,0.5555555555555556,-0.716144638046043,0.01671600341796875
955,1.0,0.5555555555555556,3.261654973470808,0.01964092254638672
956,1.0,0.5555555555555556,0.838594929552055,0.019257068634033203
957,1.0,0.5555555555555556,0.49465414476596326,0.015673160552978516
958,1.0,0.5555555555555556,2.931462947234965,0.017973661422729492
959,1.0,0.5555555555555556,-0.21044488924381977,0.01966381072998047
960,1.0,0.6666666666666666,1.253754277664961,0.020975112915039062
961,1.0,0.6666666666666666,1.354306512813992,0.021033048629760742
962,1.0,0.6666666666666666,2.108900769456871,0.018945932388305664
963,1.0,0.6666666666666666,0.6977036530769182,0.020094871520996094
964,1.0,0.6666666666666666,2.2631327419673646,0.020175933837890625
965,1.0,0.6666666666666666,-0.9952174982712508,0.01893901824951172
966,1.0,0.6666666666666666,1.1258410675397703,0.02029895782470703
967,1.0,0.6666666666666666,0.5928315087062349,0.020898103713989258
968,1.0,0.6666666666666666,0.7792440106513083,0.019443273544311523
969,1.0,0.6666666666666666,0.018483497213433675,0.020653963088989258
970,1.0,0.7777777777777777,-0.21416117452566152,0.019774198532104492
971,1.0,0.7777777777777777,0.3462777768548179,0.02242302894592285
972,1.0,0.7777777777777777,1.4361839319825465,0.019667863845825195
973,1.0,0.7777777777777777,0.5329988240113774,0.019749164581298828
974,1.0,0.7777777777777777,-0.8835959677205725,0.02242302894592285
975,1.0,0.7777777777777777,0.9179394696566501,0.021361827850341797
976,1.0,0.7777777777777777,-0.858232428081688,0.02232980728149414
977,1.0,0.7777777777777777,-0.15981151495837653,0.022370100021362305
978,1.0,0.7777777777777777,-0.7227589171262705,0.02002096176147461
979,1.0,0.7777777777777777,1.1411408594425019,0.02017688751220703
980,1.0,0.8888888888888888,1.4702220763470812,0.021026134490966797
981,1.0,0.8888888888888888,1.2846352178801204,0.020390033721923828
982,1.0,0.8888888888888888,0.08966228165809365,0.019051074981689453
983,1.0,0.8888888888888888,1.590597856369715,0.022761106491088867
984,1.0,0.8888888888888888,3.372062105522777,0.02381587028503418
985,1.0,0.8888888888888888,1.1045702959735817,0.0197141170501709
986,1.0,0.8888888888888888,3.243562652733452,0.021975994110107422
987,1.0,0.8888888888888888,0.8225358401268732,0.02289724349975586
988,1.0,0.8888888888888888,0.05740613406687878,0.019197940826416016
989,1.0,0.8888888888888888,1.2209634725535772,0.023841142654418945
990,1.0,1.0,1.0906078479279822,0.02088022232055664
991,1.0,1.0,1.5751660636709413,0.022549867630004883
992,1.0,1.0,0.0831751296717369,0.02521800994873047
993,1.0,1.0,1.7894665938900418,0.02512216567993164
994,1.0,1.0,3.0338387101191238,0.02280592918395996
995,1.0,1.0,1.0659473098187686,0.025225162506103516
996,1.0,1.0,0.5487634438996329,0.02520608901977539
997,1.0,1.0,1.6812013378737638,0.023814916610717773
998,1.0,1.0,1.6825666334385647,0.02506232261657715
999,1.0,1.0,1.232802788438246,0.020138025283813477
